sku,price_ex_vat,price_inc_vat,price,vat_basis,price_per,uom,pack_size,pack_unit,min_order_qty,order_multiple,stock,lead_time_days,delivery_fee,free_delivery_over,observed_at,valid_until,synthetic_label
SYN-AD-0004,,,0.82,ex vat,kg,,5,kg,,,in stock,0,12.50,150.00,,,SYNTHETIC-ILLUSTRATIVE-NOT-REAL-PRICES
SYN-AD-0010,0.66,0.79,,,kg,,15,kg,,,in stock,1,12.50,150.00,,,SYNTHETIC-ILLUSTRATIVE-NOT-REAL-PRICES
SYN-BA-0002,196.81,,,,,,1,,2,,low stock,3,12.50,150.00,2026-10-06T08:00:00+00:00,,SYNTHETIC-ILLUSTRATIVE-NOT-REAL-PRICES
SYN-BA-0003,139.96,167.95,,,,,1,,3,,in stock,2,12.50,150.00,,,SYNTHETIC-ILLUSTRATIVE-NOT-REAL-PRICES
SYN-BA-0004,579.78,695.74,,,,,1,,,,in stock,1,12.50,150.00,,,SYNTHETIC-ILLUSTRATIVE-NOT-REAL-PRICES
SYN-BA-0006,163.72,196.46,,,,,1,,,,in stock,2,12.50,150.00,,,SYNTHETIC-ILLUSTRATIVE-NOT-REAL-PRICES
SYN-BB-0002,13.62,,,,m2,,0.96,m2,,,in stock,0,12.50,150.00,,,SYNTHETIC-ILLUSTRATIVE-NOT-REAL-PRICES
SYN-BS-0001,55.30,66.36,,,,,1,,,,in stock,0,,,2026-10-06T08:00:00+00:00,,SYNTHETIC-ILLUSTRATIVE-NOT-REAL-PRICES
SYN-BS-0004,,66.37,,,,,1,,,,in stock,1,12.50,150.00,2026-10-06T08:00:00+00:00,,SYNTHETIC-ILLUSTRATIVE-NOT-REAL-PRICES
SYN-BS-0005,,,70.90,ex vat,,,1,,,,out of stock,14,12.50,150.00,,,SYNTHETIC-ILLUSTRATIVE-NOT-REAL-PRICES
SYN-BS-0006,79.86,95.83,,,,,1,,,,in stock,1,12.50,150.00,,,SYNTHETIC-ILLUSTRATIVE-NOT-REAL-PRICES
SYN-BS-0008,76.55,91.86,,,,,1,,,,in stock,1,12.50,150.00,,,SYNTHETIC-ILLUSTRATIVE-NOT-REAL-PRICES
SYN-BT-0002,60.77,72.92,,,,,1,,,,in stock,1,12.50,150.00,2026-10-06T08:00:00+00:00,,SYNTHETIC-ILLUSTRATIVE-NOT-REAL-PRICES
SYN-BT-0003,39.71,,,,,,1,,,,in stock,1,12.50,150.00,,,SYNTHETIC-ILLUSTRATIVE-NOT-REAL-PRICES
SYN-BT-0004,48.84,,,,,,1,,,,,,12.50,150.00,,,SYNTHETIC-ILLUSTRATIVE-NOT-REAL-PRICES
SYN-BT-0005,58.70,70.44,,,,,1,,,,in stock,1,12.50,150.00,2026-10-06T08:00:00+00:00,,SYNTHETIC-ILLUSTRATIVE-NOT-REAL-PRICES
SYN-BT-0006,46.39,55.67,,,,,1,,,,out of stock,14,12.50,150.00,,,SYNTHETIC-ILLUSTRATIVE-NOT-REAL-PRICES
SYN-BW-0002,11.51,13.81,,,,,1,,2,,out of stock,14,12.50,150.00,,,SYNTHETIC-ILLUSTRATIVE-NOT-REAL-PRICES
SYN-BW-0003,7.60,9.12,,,,,1,,,,in stock,0,12.50,150.00,,,SYNTHETIC-ILLUSTRATIVE-NOT-REAL-PRICES
SYN-BW-0004,7.04,8.45,,,,,1,,,,in stock,1,12.50,150.00,,,SYNTHETIC-ILLUSTRATIVE-NOT-REAL-PRICES
SYN-CF-0003,0.40,,,,,,1,,,,out of stock,14,12.50,150.00,2026-10-06T08:00:00+00:00,,SYNTHETIC-ILLUSTRATIVE-NOT-REAL-PRICES
SYN-CF-0006,,,0.66,,,,1,,,2,in stock,2,12.50,150.00,2026-10-06T08:00:00+00:00,,SYNTHETIC-ILLUSTRATIVE-NOT-REAL-PRICES
SYN-CP-0001,8.43,10.12,,,m,,3,m,,,in stock,2,12.50,150.00,,,SYNTHETIC-ILLUSTRATIVE-NOT-REAL-PRICES
SYN-CP-0002,6.91,8.29,,,m,,3,m,,,in stock,0,12.50,150.00,2026-10-06T08:00:00+00:00,,SYNTHETIC-ILLUSTRATIVE-NOT-REAL-PRICES
SYN-CP-0005,9.38,,,,m,,2,m,,,out of stock,14,12.50,150.00,,,SYNTHETIC-ILLUSTRATIVE-NOT-REAL-PRICES
SYN-CP-0006,8.30,,,,m,,5,m,,,in stock,2,12.50,150.00,,,SYNTHETIC-ILLUSTRATIVE-NOT-REAL-PRICES
SYN-DL-0002,158.23,,,,,,5,,,,,,12.50,150.00,,,SYNTHETIC-ILLUSTRATIVE-NOT-REAL-PRICES
SYN-DL-0005,65.02,78.02,,,,,10,,,,in stock,0,12.50,150.00,,,SYNTHETIC-ILLUSTRATIVE-NOT-REAL-PRICES
SYN-DL-0006,59.18,71.02,,,,,10,,,,,,12.50,150.00,2026-10-06T08:00:00+00:00,,SYNTHETIC-ILLUSTRATIVE-NOT-REAL-PRICES
SYN-DS-0003,,,7.12,,,,1,,,,out of stock,14,12.50,150.00,,,SYNTHETIC-ILLUSTRATIVE-NOT-REAL-PRICES
SYN-DS-0005,5.51,,,,,,1,,,,in stock,1,12.50,150.00,2026-09-18T08:00:00+00:00,,SYNTHETIC-ILLUSTRATIVE-NOT-REAL-PRICES
SYN-DS-0011,4.49,5.39,,,,,1,,2,,in stock,2,12.50,150.00,2026-10-06T08:00:00+00:00,,SYNTHETIC-ILLUSTRATIVE-NOT-REAL-PRICES
SYN-DU-0001,,9.52,,,m,,1,m,,,in stock,2,12.50,150.00,,,SYNTHETIC-ILLUSTRATIVE-NOT-REAL-PRICES
SYN-DU-0004,,5.95,,,m,,1,m,,,in stock,1,12.50,150.00,,,SYNTHETIC-ILLUSTRATIVE-NOT-REAL-PRICES
SYN-DU-0005,6.24,,,,m,,3,m,,,in stock,2,12.50,150.00,2026-09-18T08:00:00+00:00,,SYNTHETIC-ILLUSTRATIVE-NOT-REAL-PRICES
SYN-EF-0002,,,31.39,,,,1,,,,in stock,1,12.50,150.00,,,SYNTHETIC-ILLUSTRATIVE-NOT-REAL-PRICES
SYN-EF-0003,49.01,58.81,,,,,1,,,2,in stock,0,12.50,150.00,2026-10-06T08:00:00+00:00,,SYNTHETIC-ILLUSTRATIVE-NOT-REAL-PRICES
SYN-EF-0004,33.19,,,,,,1,,,,in stock,0,12.50,150.00,,,SYNTHETIC-ILLUSTRATIVE-NOT-REAL-PRICES
SYN-EF-0006,36.58,43.90,,,,,1,,3,,in stock,1,12.50,150.00,2026-10-06T08:00:00+00:00,,SYNTHETIC-ILLUSTRATIVE-NOT-REAL-PRICES
SYN-GR-0006,,,10.90,,,,1,,,,low stock,3,12.50,150.00,,,SYNTHETIC-ILLUSTRATIVE-NOT-REAL-PRICES
SYN-GR-0008,7.57,9.08,,,,,1,,,,in stock,0,12.50,150.00,,,SYNTHETIC-ILLUSTRATIVE-NOT-REAL-PRICES
SYN-GR-0009,,,29.28,ex vat,,,1,,,,in stock,2,12.50,150.00,,,SYNTHETIC-ILLUSTRATIVE-NOT-REAL-PRICES
SYN-IV-0001,5.87,7.04,,,,,1,,,,in stock,1,,,,,SYNTHETIC-ILLUSTRATIVE-NOT-REAL-PRICES
SYN-IV-0002,4.95,,,,,,1,,,,in stock,2,12.50,150.00,,,SYNTHETIC-ILLUSTRATIVE-NOT-REAL-PRICES
SYN-IV-0003,6.32,7.58,,,,,1,,,,in stock,0,12.50,150.00,,,SYNTHETIC-ILLUSTRATIVE-NOT-REAL-PRICES
SYN-IV-0004,5.29,6.35,,,,,1,,2,,in stock,1,12.50,150.00,,,SYNTHETIC-ILLUSTRATIVE-NOT-REAL-PRICES
SYN-IV-0005,6.64,,,,,,1,,,,in stock,1,12.50,150.00,,,SYNTHETIC-ILLUSTRATIVE-NOT-REAL-PRICES
SYN-IV-0006,4.81,5.77,,,,,1,,,,in stock,1,12.50,150.00,,,SYNTHETIC-ILLUSTRATIVE-NOT-REAL-PRICES
SYN-MI-0002,121.52,145.82,,,,,1,,,2,in stock,0,12.50,150.00,2026-10-06T08:00:00+00:00,,SYNTHETIC-ILLUSTRATIVE-NOT-REAL-PRICES
SYN-MI-0003,91.08,109.30,,,,,1,,,,in stock,1,12.50,150.00,,,SYNTHETIC-ILLUSTRATIVE-NOT-REAL-PRICES
SYN-MS-0004,5.12,6.14,,,,,1,,,,in stock,2,12.50,150.00,,,SYNTHETIC-ILLUSTRATIVE-NOT-REAL-PRICES
SYN-MS-0005,7.86,9.43,,,,,1,,3,,in stock,2,12.50,150.00,,,SYNTHETIC-ILLUSTRATIVE-NOT-REAL-PRICES
SYN-PA-0003,,,7.37,ex vat,litre,,5,litre,,,in stock,2,12.50,150.00,2026-10-06T08:00:00+00:00,,SYNTHETIC-ILLUSTRATIVE-NOT-REAL-PRICES
SYN-PA-0006,5.81,6.97,,,litre,,2.5,litre,2,,in stock,0,12.50,150.00,,,SYNTHETIC-ILLUSTRATIVE-NOT-REAL-PRICES
SYN-PA-0008,6.83,,,,litre,,5,litre,,,in stock,1,12.50,150.00,2026-10-06T08:00:00+00:00,,SYNTHETIC-ILLUSTRATIVE-NOT-REAL-PRICES
SYN-PB-0001,3.91,4.69,,,m2,,11.52,m2,,,low stock,4,12.50,150.00,,,SYNTHETIC-ILLUSTRATIVE-NOT-REAL-PRICES
SYN-PB-0005,5.20,,,,m2,,2.88,m2,,,in stock,1,12.50,150.00,,,SYNTHETIC-ILLUSTRATIVE-NOT-REAL-PRICES
SYN-PB-0007,5.04,6.05,,,m2,,6.48,m2,,,,,12.50,150.00,2026-10-06T08:00:00+00:00,,SYNTHETIC-ILLUSTRATIVE-NOT-REAL-PRICES
SYN-PB-0008,,4.34,,,m2,,9.72,m2,,,out of stock,14,12.50,150.00,,,SYNTHETIC-ILLUSTRATIVE-NOT-REAL-PRICES
SYN-PB-0009,5.26,6.31,,,m2,,23.04,m2,,,in stock,1,12.50,150.00,,,SYNTHETIC-ILLUSTRATIVE-NOT-REAL-PRICES
SYN-PB-0011,,,4.80,ex vat,m2,,9.72,m2,,,low stock,2,12.50,150.00,,,SYNTHETIC-ILLUSTRATIVE-NOT-REAL-PRICES
SYN-PB-0012,3.99,4.79,,,m2,,9.72,m2,,,in stock,0,12.50,150.00,,,SYNTHETIC-ILLUSTRATIVE-NOT-REAL-PRICES
SYN-PB-0016,4.22,,,,m2,,9.72,m2,,,in stock,2,12.50,150.00,,2026-10-06T07:00:00+00:00,SYNTHETIC-ILLUSTRATIVE-NOT-REAL-PRICES
SYN-PB-0020,5.32,6.38,,,m2,,12.96,m2,3,,in stock,1,12.50,150.00,,,SYNTHETIC-ILLUSTRATIVE-NOT-REAL-PRICES
SYN-PB-0026,4.53,5.44,,,m2,,11.52,m2,,,in stock,0,12.50,150.00,,,SYNTHETIC-ILLUSTRATIVE-NOT-REAL-PRICES
SYN-PC-0001,4.88,,,,,,1,,,,in stock,1,12.50,150.00,,,SYNTHETIC-ILLUSTRATIVE-NOT-REAL-PRICES
SYN-PC-0002,7.14,8.57,,,,,1,,,,in stock,2,12.50,150.00,2026-10-06T08:00:00+00:00,,SYNTHETIC-ILLUSTRATIVE-NOT-REAL-PRICES
SYN-PC-0003,5.14,6.17,,,,,1,,,,in stock,2,,,,,SYNTHETIC-ILLUSTRATIVE-NOT-REAL-PRICES
SYN-PF-0001,13.31,15.97,,,,,5,,4,,low stock,2,12.50,150.00,2026-10-06T08:00:00+00:00,,SYNTHETIC-ILLUSTRATIVE-NOT-REAL-PRICES
SYN-PF-0002,,20.00,,,,,10,,2,,in stock,1,12.50,150.00,,,SYNTHETIC-ILLUSTRATIVE-NOT-REAL-PRICES
SYN-PF-0003,,16.54,,,,,5,,,,in stock,1,12.50,150.00,2026-09-18T08:00:00+00:00,,SYNTHETIC-ILLUSTRATIVE-NOT-REAL-PRICES
SYN-PF-0004,14.00,16.80,,,,,5,,,,in stock,2,12.50,150.00,,,SYNTHETIC-ILLUSTRATIVE-NOT-REAL-PRICES
SYN-PF-0005,17.80,21.36,,,,,10,,,,in stock,0,12.50,150.00,,,SYNTHETIC-ILLUSTRATIVE-NOT-REAL-PRICES
SYN-PF-0006,,,26.58,ex vat,,,10,,4,,in stock,2,12.50,150.00,,,SYNTHETIC-ILLUSTRATIVE-NOT-REAL-PRICES
SYN-PF-0007,18.43,,,,,,10,,,,in stock,0,12.50,150.00,,,SYNTHETIC-ILLUSTRATIVE-NOT-REAL-PRICES
SYN-PF-0008,,,22.60,,,,10,,2,,out of stock,14,,,2026-10-06T08:00:00+00:00,,SYNTHETIC-ILLUSTRATIVE-NOT-REAL-PRICES
SYN-PF-0009,19.51,23.41,,,,,10,,,,low stock,3,12.50,150.00,2026-10-06T08:00:00+00:00,,SYNTHETIC-ILLUSTRATIVE-NOT-REAL-PRICES
SYN-PF-0010,,13.25,,,,,5,,3,,low stock,3,12.50,150.00,,,SYNTHETIC-ILLUSTRATIVE-NOT-REAL-PRICES
SYN-PF-0011,11.72,14.06,,,,,5,,,,in stock,2,12.50,150.00,2026-10-06T08:00:00+00:00,,SYNTHETIC-ILLUSTRATIVE-NOT-REAL-PRICES
SYN-PF-0013,12.83,,,,,,5,,,,in stock,1,12.50,150.00,,,SYNTHETIC-ILLUSTRATIVE-NOT-REAL-PRICES
SYN-PP-0001,2.57,3.08,,,m,,25,m,,,in stock,2,12.50,150.00,2026-09-18T08:00:00+00:00,,SYNTHETIC-ILLUSTRATIVE-NOT-REAL-PRICES
SYN-PP-0002,2.82,3.38,,,m,,50,m,,,in stock,2,12.50,150.00,,,SYNTHETIC-ILLUSTRATIVE-NOT-REAL-PRICES
SYN-PP-0003,2.05,,,,m,,25,m,3,,in stock,1,12.50,150.00,,,SYNTHETIC-ILLUSTRATIVE-NOT-REAL-PRICES
SYN-PP-0004,,,2.03,ex vat,m,,25,m,,,in stock,1,12.50,150.00,,,SYNTHETIC-ILLUSTRATIVE-NOT-REAL-PRICES
SYN-PP-0005,2.38,2.86,,,m,,25,m,,,in stock,2,12.50,150.00,,,SYNTHETIC-ILLUSTRATIVE-NOT-REAL-PRICES
SYN-PR-0001,9.34,,,,,,1,,,,,,12.50,150.00,,,SYNTHETIC-ILLUSTRATIVE-NOT-REAL-PRICES
SYN-PR-0002,29.86,35.83,,,,,1,,,,in stock,0,12.50,150.00,,,SYNTHETIC-ILLUSTRATIVE-NOT-REAL-PRICES
SYN-PR-0003,,37.86,,,,,1,,,,,,12.50,150.00,,,SYNTHETIC-ILLUSTRATIVE-NOT-REAL-PRICES
SYN-PT-0001,1.35,,,,,,1,,,,in stock,2,,,,,SYNTHETIC-ILLUSTRATIVE-NOT-REAL-PRICES
SYN-PT-0002,,,1.38,ex vat,,,1,,,,in stock,0,12.50,150.00,2026-10-06T08:00:00+00:00,,SYNTHETIC-ILLUSTRATIVE-NOT-REAL-PRICES
SYN-PT-0003,,,1.71,,,,1,,,,in stock,1,12.50,150.00,,,SYNTHETIC-ILLUSTRATIVE-NOT-REAL-PRICES
SYN-PT-0004,,,1.33,,,,1,,,,in stock,2,12.50,150.00,,,SYNTHETIC-ILLUSTRATIVE-NOT-REAL-PRICES
SYN-SE-0001,172.54,207.05,,,,,1,,,,in stock,0,12.50,150.00,2026-10-06T08:00:00+00:00,,SYNTHETIC-ILLUSTRATIVE-NOT-REAL-PRICES
SYN-SE-0002,274.90,329.88,,,,,1,,,,in stock,1,12.50,150.00,,,SYNTHETIC-ILLUSTRATIVE-NOT-REAL-PRICES
SYN-SE-0003,,,212.41,,,,1,,3,,in stock,2,12.50,150.00,2026-09-18T08:00:00+00:00,,SYNTHETIC-ILLUSTRATIVE-NOT-REAL-PRICES
SYN-SE-0004,214.52,257.42,,,,,1,,,,in stock,1,12.50,150.00,2026-09-18T08:00:00+00:00,,SYNTHETIC-ILLUSTRATIVE-NOT-REAL-PRICES
SYN-SE-0005,223.97,268.76,,,,,1,,,,in stock,0,12.50,150.00,,,SYNTHETIC-ILLUSTRATIVE-NOT-REAL-PRICES
SYN-SE-0007,246.71,296.05,,,,,1,,2,,in stock,1,12.50,150.00,,,SYNTHETIC-ILLUSTRATIVE-NOT-REAL-PRICES
SYN-SH-0001,11.84,14.21,,,,,1,,,2,in stock,0,12.50,150.00,2026-10-06T08:00:00+00:00,,SYNTHETIC-ILLUSTRATIVE-NOT-REAL-PRICES
SYN-SH-0004,12.29,14.75,,,,,1,,,,in stock,2,12.50,150.00,,,SYNTHETIC-ILLUSTRATIVE-NOT-REAL-PRICES
SYN-SI-0007,,37.22,,,,,5,,,,in stock,2,12.50,150.00,2026-10-06T08:00:00+00:00,,SYNTHETIC-ILLUSTRATIVE-NOT-REAL-PRICES
SYN-SI-0008,26.77,32.12,,,,,5,,,,in stock,1,12.50,150.00,,,SYNTHETIC-ILLUSTRATIVE-NOT-REAL-PRICES
SYN-ST-0002,154.69,185.63,,,,,1,,,,in stock,1,12.50,150.00,2026-09-18T08:00:00+00:00,,SYNTHETIC-ILLUSTRATIVE-NOT-REAL-PRICES
SYN-ST-0003,117.42,140.90,,,,,1,,,,,,12.50,150.00,,,SYNTHETIC-ILLUSTRATIVE-NOT-REAL-PRICES
SYN-ST-0004,178.18,213.82,,,,,1,,,,,,12.50,150.00,2026-10-06T08:00:00+00:00,,SYNTHETIC-ILLUSTRATIVE-NOT-REAL-PRICES
SYN-ST-0005,,158.03,,,,,1,,,,in stock,1,12.50,150.00,,,SYNTHETIC-ILLUSTRATIVE-NOT-REAL-PRICES
SYN-SV-0001,87.97,105.56,,,,,1,,,,,,,,,2026-10-06T07:00:00+00:00,SYNTHETIC-ILLUSTRATIVE-NOT-REAL-PRICES
SYN-SV-0002,110.20,132.24,,,,,1,,,,in stock,1,12.50,150.00,2026-09-18T08:00:00+00:00,,SYNTHETIC-ILLUSTRATIVE-NOT-REAL-PRICES
SYN-SV-0003,100.75,,,,,,1,,,,in stock,1,12.50,150.00,2026-10-06T08:00:00+00:00,,SYNTHETIC-ILLUSTRATIVE-NOT-REAL-PRICES
SYN-SV-0006,,124.52,,,,,1,,,,in stock,1,12.50,150.00,,,SYNTHETIC-ILLUSTRATIVE-NOT-REAL-PRICES
SYN-TC-0001,16.81,20.17,,,,,5,,,,in stock,0,12.50,150.00,2026-10-06T08:00:00+00:00,,SYNTHETIC-ILLUSTRATIVE-NOT-REAL-PRICES
SYN-TC-0002,38.50,46.20,,,,,10,,,,in stock,0,12.50,150.00,,,SYNTHETIC-ILLUSTRATIVE-NOT-REAL-PRICES
SYN-TC-0004,42.43,50.92,,,,,10,,,,low stock,2,12.50,150.00,,,SYNTHETIC-ILLUSTRATIVE-NOT-REAL-PRICES
SYN-TK-0001,41.72,,,,,,1,,,,in stock,1,12.50,150.00,,,SYNTHETIC-ILLUSTRATIVE-NOT-REAL-PRICES
SYN-TK-0004,27.23,32.68,,,,,1,,,,in stock,0,12.50,150.00,2026-10-06T08:00:00+00:00,,SYNTHETIC-ILLUSTRATIVE-NOT-REAL-PRICES
SYN-TL-0004,17.00,20.40,,,m2,,2.16,m2,,,in stock,0,,,,,SYNTHETIC-ILLUSTRATIVE-NOT-REAL-PRICES
SYN-TL-0007,18.16,21.79,,,m2,,0.6,m2,,,in stock,1,12.50,150.00,,,SYNTHETIC-ILLUSTRATIVE-NOT-REAL-PRICES
SYN-TL-0008,22.83,27.40,,,m2,,4.32,m2,,,in stock,1,12.50,150.00,2026-09-18T08:00:00+00:00,,SYNTHETIC-ILLUSTRATIVE-NOT-REAL-PRICES
SYN-TM-0004,3.21,3.85,,,m,,3,m,,,low stock,4,12.50,150.00,,,SYNTHETIC-ILLUSTRATIVE-NOT-REAL-PRICES
SYN-TM-0006,,,2.71,,m,,3,m,,,low stock,2,12.50,150.00,,,SYNTHETIC-ILLUSTRATIVE-NOT-REAL-PRICES
SYN-TM-0010,2.52,3.02,,,m,,2.4,m,,,,,,,,,SYNTHETIC-ILLUSTRATIVE-NOT-REAL-PRICES
SYN-TR-0001,,7.76,,,,,1,,,,in stock,2,12.50,150.00,2026-10-06T08:00:00+00:00,,SYNTHETIC-ILLUSTRATIVE-NOT-REAL-PRICES
SYN-TR-0002,5.73,6.88,,,,,1,,,,in stock,2,12.50,150.00,2026-10-06T08:00:00+00:00,,SYNTHETIC-ILLUSTRATIVE-NOT-REAL-PRICES
SYN-TR-0003,26.00,,,,,,1,,,,in stock,0,12.50,150.00,,,SYNTHETIC-ILLUSTRATIVE-NOT-REAL-PRICES
SYN-TR-0004,,,6.11,ex vat,,,1,,,,in stock,0,12.50,150.00,,,SYNTHETIC-ILLUSTRATIVE-NOT-REAL-PRICES
SYN-TR-0005,7.31,,,,,,1,,,,in stock,1,12.50,150.00,,,SYNTHETIC-ILLUSTRATIVE-NOT-REAL-PRICES
SYN-TR-0006,4.61,,,,,,1,,,,in stock,2,12.50,150.00,,,SYNTHETIC-ILLUSTRATIVE-NOT-REAL-PRICES
SYN-TR-0007,5.58,6.70,,,,,1,,,,in stock,1,12.50,150.00,2026-10-06T08:00:00+00:00,,SYNTHETIC-ILLUSTRATIVE-NOT-REAL-PRICES
SYN-TR-0008,,,7.93,ex vat,,,1,,2,,in stock,2,,,,,SYNTHETIC-ILLUSTRATIVE-NOT-REAL-PRICES
SYN-TT-0002,2.80,3.36,,,m,,2.5,m,,,in stock,2,12.50,150.00,,,SYNTHETIC-ILLUSTRATIVE-NOT-REAL-PRICES
SYN-TT-0004,3.40,4.08,,,m,,2.5,m,,,in stock,2,12.50,150.00,2026-10-06T08:00:00+00:00,,SYNTHETIC-ILLUSTRATIVE-NOT-REAL-PRICES
SYN-TT-0005,,3.40,,,m,,2.5,m,,,in stock,0,12.50,150.00,2026-10-06T08:00:00+00:00,,SYNTHETIC-ILLUSTRATIVE-NOT-REAL-PRICES
SYN-TT-0006,3.32,3.98,,,m,,2.5,m,,,,,12.50,150.00,,,SYNTHETIC-ILLUSTRATIVE-NOT-REAL-PRICES
SYN-TW-0001,,111.95,,,,,1,,,,in stock,0,12.50,150.00,,,SYNTHETIC-ILLUSTRATIVE-NOT-REAL-PRICES
SYN-TW-0002,71.53,,,,,,1,,,,out of stock,14,,,2026-09-18T08:00:00+00:00,,SYNTHETIC-ILLUSTRATIVE-NOT-REAL-PRICES
SYN-TW-0003,,,94.95,ex vat,,,1,,,,in stock,1,12.50,150.00,,,SYNTHETIC-ILLUSTRATIVE-NOT-REAL-PRICES
SYN-TW-0004,98.08,,,,,,1,,,,in stock,2,12.50,150.00,,,SYNTHETIC-ILLUSTRATIVE-NOT-REAL-PRICES
SYN-TW-0005,97.89,117.47,,,,,1,,,,in stock,0,12.50,150.00,,,SYNTHETIC-ILLUSTRATIVE-NOT-REAL-PRICES
SYN-TW-0006,76.32,91.58,,,,,1,,2,,in stock,0,12.50,150.00,,,SYNTHETIC-ILLUSTRATIVE-NOT-REAL-PRICES
SYN-TW-0008,78.73,94.48,,,,,1,,,,,,12.50,150.00,,,SYNTHETIC-ILLUSTRATIVE-NOT-REAL-PRICES
SYN-UF-0001,,,58.49,ex vat,,,1,,,,in stock,1,12.50,150.00,2026-10-06T08:00:00+00:00,,SYNTHETIC-ILLUSTRATIVE-NOT-REAL-PRICES
SYN-UF-0002,,135.91,,,,,1,,,,in stock,0,12.50,150.00,2026-10-06T08:00:00+00:00,,SYNTHETIC-ILLUSTRATIVE-NOT-REAL-PRICES
SYN-UF-0003,,217.28,,,,,1,,,,in stock,0,12.50,150.00,,,SYNTHETIC-ILLUSTRATIVE-NOT-REAL-PRICES
SYN-UF-0004,251.16,301.39,,,,,1,,,,in stock,2,12.50,150.00,,,SYNTHETIC-ILLUSTRATIVE-NOT-REAL-PRICES
SYN-UF-0006,125.51,,,,,,1,,,,in stock,0,12.50,150.00,,,SYNTHETIC-ILLUSTRATIVE-NOT-REAL-PRICES
SYN-WA-0001,,4.99,,,m,,3,m,,,in stock,1,12.50,150.00,2026-10-06T08:00:00+00:00,,SYNTHETIC-ILLUSTRATIVE-NOT-REAL-PRICES
SYN-WA-0002,,,2.56,ex vat,m,,3,m,,,in stock,2,12.50,150.00,,,SYNTHETIC-ILLUSTRATIVE-NOT-REAL-PRICES
SYN-WA-0003,,3.86,,,m,,3,m,,,in stock,1,12.50,150.00,,,SYNTHETIC-ILLUSTRATIVE-NOT-REAL-PRICES
SYN-WA-0004,3.89,4.67,,,m,,3,m,,,in stock,1,12.50,150.00,,,SYNTHETIC-ILLUSTRATIVE-NOT-REAL-PRICES
SYN-WA-0005,,,4.42,ex vat,m,,3,m,,,in stock,2,12.50,150.00,,,SYNTHETIC-ILLUSTRATIVE-NOT-REAL-PRICES
SYN-WA-0006,,,3.75,,m,,3,m,,2,,,12.50,150.00,2026-10-06T08:00:00+00:00,,SYNTHETIC-ILLUSTRATIVE-NOT-REAL-PRICES
SYN-WA-0007,,4.00,,,m,,3,m,,,in stock,1,12.50,150.00,,,SYNTHETIC-ILLUSTRATIVE-NOT-REAL-PRICES
SYN-WC-0001,114.75,137.70,,,,,1,,,,in stock,1,12.50,150.00,,,SYNTHETIC-ILLUSTRATIVE-NOT-REAL-PRICES
SYN-WC-0002,104.11,124.93,,,,,1,,,,low stock,2,12.50,150.00,2026-09-18T08:00:00+00:00,,SYNTHETIC-ILLUSTRATIVE-NOT-REAL-PRICES
SYN-WC-0003,,153.31,,,,,1,,,,in stock,0,12.50,150.00,,,SYNTHETIC-ILLUSTRATIVE-NOT-REAL-PRICES
SYN-WC-0004,102.02,,,,,,1,,,,in stock,0,12.50,150.00,,,SYNTHETIC-ILLUSTRATIVE-NOT-REAL-PRICES
SYN-WC-0005,,123.34,,,,,1,,,,in stock,2,12.50,150.00,2026-09-18T08:00:00+00:00,,SYNTHETIC-ILLUSTRATIVE-NOT-REAL-PRICES
SYN-WC-0007,90.69,108.83,,,,,1,,,,out of stock,14,12.50,150.00,2026-10-06T08:00:00+00:00,,SYNTHETIC-ILLUSTRATIVE-NOT-REAL-PRICES
SYN-WC-0008,125.12,,,,,,1,,,,in stock,1,12.50,150.00,2026-09-18T08:00:00+00:00,,SYNTHETIC-ILLUSTRATIVE-NOT-REAL-PRICES
SYN-WP-0002,4.34,5.21,,,,,1,,,,in stock,2,12.50,150.00,,,SYNTHETIC-ILLUSTRATIVE-NOT-REAL-PRICES
SYN-WP-0006,1.65,1.98,,,,,1,,,,in stock,1,12.50,150.00,,,SYNTHETIC-ILLUSTRATIVE-NOT-REAL-PRICES
SYN-WS-0003,6.83,,,,,,1,,,,in stock,0,12.50,150.00,,,SYNTHETIC-ILLUSTRATIVE-NOT-REAL-PRICES
